file,area,bytes,righe,sha256,tipo,analisi,comportamento,findings
.gitignore,.gitignore,1088,26,72d9c26585f4e9079b6971f0ffedc0e095c58f851485b7caeeb3d95e1eb943fe,testo,"Lettura statica, riferimenti e seconda passata per contratti/percorso/legacy","Output build, binari voce, chat raw e segreti esclusi",A092
Archivio/system-settings.txt,Archivio,0,0,e3b0c44298fc1c149afbf4c8996fb92427ae41e4649b934ca495991b7852b855,testo,"Lettura statica, riferimenti e seconda passata per contratti/percorso/legacy",File intenzionalmente vuoto,
Archivio/system-storage/campanello.mp3,Archivio,39288,11,524f7c541a7268b5d3e6868606b37f6f7cdf7c43571d285205341d7fc5207469,binario,"Metadati, formato, hash, collocazione e riferimenti; contenuto visivo/audio non validato",Fixture di contesto o asset utente/sistema,
Archivio/users/user_123/filesystem.txt,Archivio,139,6,a4f1bfe958ebe9fe3f8072f6c9333e1b1570f56a7645f7a97868ae42ec3962de,testo,"Lettura statica, riferimenti e seconda passata per contratti/percorso/legacy",Fixture di contesto o asset utente/sistema,A025
Archivio/users/user_123/filesystem/Home/avatar.jpg,Archivio,58044,94,05e88f095abbd44a466c77effbc78baf83300d602b171564e3a6fbad17a28ef5,binario,"Metadati, formato, hash, collocazione e riferimenti; contenuto visivo/audio non validato",Fixture di contesto o asset utente/sistema,
Archivio/users/user_123/filesystem/Home/wallpaper.jpg,Archivio,2008762,7514,bc5f79b45d6a610bf3d530b38957635a475e8c506873c68a6d360d46be98ba28,binario,"Metadati, formato, hash, collocazione e riferimenti; contenuto visivo/audio non validato",Fixture di contesto o asset utente/sistema,
Archivio/users/user_123/memory/general.txt,Archivio,614,11,8eb7868c5e0cfcb60814576c5bbc7222a20effd2007505bd7a2df846e64c4b41,testo,"Lettura statica, riferimenti e seconda passata per contratti/percorso/legacy",Fixture di contesto o asset utente/sistema,
Archivio/users/user_123/preferences.txt,Archivio,665,27,ff8f816e8e3dfa0f9d64713eb1fcb87ae6a85fbadc3a3bf6c5778b28cecc4d1a,testo,"Lettura statica, riferimenti e seconda passata per contratti/percorso/legacy",Fixture di contesto o asset utente/sistema,A029 A092
Archivio/users/user_123/services/contacts.txt,Archivio,112,9,e492ada0e1602aa8bc5a1c7c0110759513bf367f997b6b6291e6c5adaac54c58,testo,"Lettura statica, riferimenti e seconda passata per contratti/percorso/legacy",Fixture di contesto o asset utente/sistema,A023
Archivio/users/user_123/services/email.txt,Archivio,302,8,cd001899ae81ecc4d369c8b9c8d31a4377a6e20c9ab9f6fae935259ca9934b37,testo,"Lettura statica, riferimenti e seconda passata per contratti/percorso/legacy",Fixture di contesto o asset utente/sistema,
Archivio/users/user_123/system.txt,Archivio,139,6,a4f1bfe958ebe9fe3f8072f6c9333e1b1570f56a7645f7a97868ae42ec3962de,testo,"Lettura statica, riferimenti e seconda passata per contratti/percorso/legacy",Fixture di contesto o asset utente/sistema,
README.md,README.md,1489,16,68eaa37ad0b9dee9e6c2288c777ec4f5f04f7fec454ecee2eb556513cb82d7e8,testo,"Lettura statica, riferimenti e seconda passata per contratti/percorso/legacy",Scopo prototipo e autorità docs rispetto a tasks,
docs/L00-lo_scopo.md,docs,2887,56,929295fa503b88663055fafd5d0b66a7edd35b751439dbf15d131898e4e5e767,testo,"Lettura statica, riferimenti e seconda passata per contratti/percorso/legacy",Documento normativo/tavola di riferimento,
docs/L01-struttura_e_task.md,docs,5445,73,482bd5f7ab4e87b88555bc1ad28613a6312e6d7d5d81464bc968517542689dc4,testo,"Lettura statica, riferimenti e seconda passata per contratti/percorso/legacy",Documento normativo/tavola di riferimento,A087
docs/L02-componenti.md,docs,3186,38,1dbac2c68a169ae6c64175f2eeff33ebc5a99b9e09d87c43a5ea8873c44d7836,testo,"Lettura statica, riferimenti e seconda passata per contratti/percorso/legacy",Documento normativo/tavola di riferimento,
docs/L03-archivio.md,docs,3891,59,3321b44b7598a9cdcf2ab52e0f596b3e359e49e5afb65c8df3b357612860dc31,testo,"Lettura statica, riferimenti e seconda passata per contratti/percorso/legacy",Documento normativo/tavola di riferimento,
docs/L04-aspetti_tecnici.md,docs,2851,45,9036cfd2671ef58d36b7dae8a1e1442c08ffa4f2674019604d40f6bfb5f2fa36,testo,"Lettura statica, riferimenti e seconda passata per contratti/percorso/legacy",Documento normativo/tavola di riferimento,
docs/L05-design.md,docs,107,1,89747ca65b1909a4f88fd8ab768584fc0dde4f9669afe4b9fe6df0cf460d0c59,testo,"Lettura statica, riferimenti e seconda passata per contratti/percorso/legacy",Documento normativo/tavola di riferimento,A087
docs/design/L0 - Sistema.md,docs,15053,302,1ec2319c18a32e6e62c23d656f3f44abc65a5d9478ca27cc083c5bc00e3bd029,testo,"Lettura statica, riferimenti e seconda passata per contratti/percorso/legacy",Documento normativo/tavola di riferimento,A079 A080 A083
docs/design/L1 - Icone.dc.html,docs,19832,205,679a1ce82541b627bfb1d9282d3639e26a1e7cb88f81ddbd020d5b81c96cc13a,testo,"Lettura statica, riferimenti e seconda passata per contratti/percorso/legacy",Documento normativo/tavola di riferimento,A082
docs/design/L1 - Moodboard.dc.html,docs,26169,203,690b540f2eb675cf5e5dbfc9542f229a13c6625132e8e5d3d85c72b3bf8bfdbd,testo,"Lettura statica, riferimenti e seconda passata per contratti/percorso/legacy",Documento normativo/tavola di riferimento,A083
docs/design/L1 - Temi.dc.html,docs,27506,264,2abc51408b70cdf3c4b88df622b22e7fa77a4c18ce5e79d3a921887512ce5f38,testo,"Lettura statica, riferimenti e seconda passata per contratti/percorso/legacy",Documento normativo/tavola di riferimento,A088
docs/design/L2 - Bubble.dc.html,docs,118232,926,609eb468e796093d4767c22c6ef6af7a7b4b596448e5c83595ee465d1bd19a70,testo,"Lettura statica, riferimenti e seconda passata per contratti/percorso/legacy",Documento normativo/tavola di riferimento,A082 A084 A085
docs/design/L2 - INPUT.dc.html,docs,78625,566,e0c26bad468110fa160f5475fc196f61f541df76ff2f961b2c0fae310c9a15ff,testo,"Lettura statica, riferimenti e seconda passata per contratti/percorso/legacy",Documento normativo/tavola di riferimento,A081 A085 A096
docs/design/L2 - Notificationbar.dc.html,docs,16084,144,14620bc1ef6bbf0e181cf878bd72d7048850ade6c11be32414f0f453cf619337,testo,"Lettura statica, riferimenti e seconda passata per contratti/percorso/legacy",Documento normativo/tavola di riferimento,A086
docs/design/L2 - Profilebar.dc.html,docs,18144,101,6f6415c4dabd5cae4f3b1dc2dda5cc427ac93b4b39b8d466b80503ed5b64f953,testo,"Lettura statica, riferimenti e seconda passata per contratti/percorso/legacy",Documento normativo/tavola di riferimento,
docs/design/L2 - Sidebar.dc.html,docs,33212,216,ffb1811158eeef326dfee6dbaddd503589653691963f5ad79a1ae4e371899689,testo,"Lettura statica, riferimenti e seconda passata per contratti/percorso/legacy",Documento normativo/tavola di riferimento,A081 A086 A096
docs/design/L2 - Systembar.dc.html,docs,19020,137,403f9f17001f348273e2d135d1ddacc5e3eca37ed664fa57e95d6a5f1d9e1649,testo,"Lettura statica, riferimenti e seconda passata per contratti/percorso/legacy",Documento normativo/tavola di riferimento,
docs/design/L2 - TIMELINE.dc.html,docs,24313,359,acc9d8fb07da4c00f71d8c283389bb4308079d9a553c180086ae6c0abf002704,testo,"Lettura statica, riferimenti e seconda passata per contratti/percorso/legacy",Documento normativo/tavola di riferimento,
docs/design/L3 - Flusso task.dc.html,docs,46685,241,5f2f8d8416fb1285cf8fa8a2a6ba678d8963145975b218b1e2f5c6d420e7f631,testo,"Lettura statica, riferimenti e seconda passata per contratti/percorso/legacy",Documento normativo/tavola di riferimento,A084
docs/design/L4 - Schermate.dc.html,docs,54430,67,b4ceeba790622f764278edcbba6c6310fb68afb71b603a7bfd7ca0dc6968dddc,testo,"Lettura statica, riferimenti e seconda passata per contratti/percorso/legacy",Documento normativo/tavola di riferimento,
docs/design/Liquid glass.md,docs,7532,88,8f10cdc78ab89ddcae947f01bc1838cd10c666506d05e04a4dee77c7e9cc66ee,testo,"Lettura statica, riferimenti e seconda passata per contratti/percorso/legacy",Documento normativo/tavola di riferimento,
docs/design/composizioni.js,docs,1038,19,ccea915ce2b1e46deb34cc8bc98aac94ad6dd5f6541a5dc69081d57ab49fdd0b,testo,"Lettura statica, riferimenti e seconda passata per contratti/percorso/legacy",Toggle materiale chiaro/scuro delle scene,
docs/design/image-slot.js,docs,1322,25,e2381be5540567b7e24165596618191454d98eefe7f9c83eec9c01e59de38671,testo,"Lettura statica, riferimenti e seconda passata per contratti/percorso/legacy",Placeholder immagini dei documenti,
docs/design/index.html,docs,11178,232,d81a7aa44da98ccc40e4bcbd50fa2a166a60895aefd07f1210635ac7fd08eb88,testo,"Lettura statica, riferimenti e seconda passata per contratti/percorso/legacy",Navigazione tavole e stato decisioni,
docs/design/liquid-glass.css,docs,3077,57,0a4c9907b0217b6310a7df88ed0947291b50eb7ccb584459cae54cd1e4c950c8,testo,"Lettura statica, riferimenti e seconda passata per contratti/percorso/legacy",Ricetta ottica canonica e fallback,A089
docs/design/materiali.css,docs,2818,44,e3519a844ff36284de090bb3a9bef8b27207f7bc78c359b699009d8faa95522b,testo,"Lettura statica, riferimenti e seconda passata per contratti/percorso/legacy",Materiali chiaro/scuro e inchiostri,A089
docs/design/profilebar.css,docs,3122,48,9f1a9b5cb3f32b5111905259c4522eab56a1e9d33cb22c122b3c116e2c817403,testo,"Lettura statica, riferimenti e seconda passata per contratti/percorso/legacy",Geometria Profilebar e varianti di tavola,
docs/design/support.js,docs,1710,45,050bf8ad5d460d654398c4b5954952016d264bd99acd0dfa507269d79f79c4cf,testo,"Lettura statica, riferimenti e seconda passata per contratti/percorso/legacy","Scaffold x-dc, normalizzazione documenti e intestazioni",
docs/design/temi.css,docs,7492,169,9273d4d7b39165e6dfe43b1723cb1d729b4add28a0c6cae9b50874a1dc466839,testo,"Lettura statica, riferimenti e seconda passata per contratti/percorso/legacy",Dodici palette per materiale,A088
docs/design/volto.png,docs,476591,1644,92c362d0b87f3b9168ed668947f905ea597c2b5f6e7ba2b3d435cfb1847a3bbe,binario,"Metadati, formato, hash, collocazione e riferimenti; contenuto visivo/audio non validato",Asset di riferimento della tavola,A078
env.example,env.example,326,8,773c36b91bb14841e42e693969eaaefe11787fd7fdc73bd70f62e99c55c8dd22,testo,"Lettura statica, riferimenti e seconda passata per contratti/percorso/legacy",Variabili OpenRouter e modello predefinito,
index.html,index.html,912,24,0cc373bd0005c65cd8b350efaf17c89cf2bc661e69f528e37243d26d83b5870b,testo,"Lettura statica, riferimenti e seconda passata per contratti/percorso/legacy","Entry DOM, font remoti Google Fonts e caricamento main",
package-lock.json,package-lock.json,42257,1291,0dfba6e2cdf752e1015d7d7d1eea423c25afde65d458812519c3b1721c48fc6d,testo,"Lettura statica, riferimenti e seconda passata per contratti/percorso/legacy","Versioni/integrità, dipendenze transitive e binari opzionali multipiattaforma",A040 A041
package.json,package.json,726,25,c8e48ae64a2a4c35b16cb8c884c914f566ee37155b0050702f14c6135be839ba,testo,"Lettura statica, riferimenti e seconda passata per contratti/percorso/legacy","Script, dipendenze dirette e postinstall",A038 A039 A040 A041
pubblico/LEGGIMI.md,pubblico,1493,37,47f19ddbf0a14e4466694c0f568c49e3005b2ad124d7f0f11f59594923f2b658,testo,"Lettura statica, riferimenti e seconda passata per contratti/percorso/legacy",Asset statici/voce e procedura preparazione,
pubblico/suoni/notifica.mp3,pubblico,40704,162,5be19a030c39e9fef9084d247e1bda23cb947e9e430abfc2e97376e04ff868b3,binario,"Metadati, formato, hash, collocazione e riferimenti; contenuto visivo/audio non validato",Asset statico binario,
pubblico/suoni/soundshelfstudio-ui-click-deep-512211.mp3,pubblico,39288,11,524f7c541a7268b5d3e6868606b37f6f7cdf7c43571d285205341d7fc5207469,binario,"Metadati, formato, hash, collocazione e riferimenti; contenuto visivo/audio non validato",Asset statico binario,
pubblico/volto.png,pubblico,476591,1644,92c362d0b87f3b9168ed668947f905ea597c2b5f6e7ba2b3d435cfb1847a3bbe,binario,"Metadati, formato, hash, collocazione e riferimenti; contenuto visivo/audio non validato",Asset statico binario,A078
src/ai-engine/ai-engine.ts,ai-engine,10684,259,775fd2e7d943782c4f0383210e39532b49b2d59cef0d16cedbd8aa3183613088,testo,"Lettura statica, riferimenti e seconda passata per contratti/percorso/legacy","Turno sincrono/asincrono, permessi, registro mosse, connettore e fallback",A004 A014 A016 A019 A020 A069
src/ai-engine/api.ts,ai-engine,11767,288,0fb6dcca9214fcda41561aa02e0cbf96d2fc5ba578d159cc8a3a885429b01fe2,testo,"Lettura statica, riferimenti e seconda passata per contratti/percorso/legacy",Validazione parziale argomenti e traduzione tool→comandi,A002 A017 A018
src/ai-engine/finto.ts,ai-engine,10312,267,48f6543fb624fb4f941912604a527f50e7792ce6fa019a778f8e54b86388f68b,testo,"Lettura statica, riferimenti e seconda passata per contratti/percorso/legacy","Interpretazione locale, memorizzazione euristica e traduzione chiamate",A026 A042 A071 A090
src/ai-engine/regole.ts,ai-engine,14409,305,96686ff41221bc944ba818bacabc66d04e843c508f69c914e74656594bb262cd,testo,"Lettura statica, riferimenti e seconda passata per contratti/percorso/legacy","Regex lingua, sequenze, conferme, targeting, gruppi e composizione",A058 A090
src/ai-engine/secondari.ts,ai-engine,6178,137,89b30058c50ba89230617dab6dc3aa0c7d1a451788fb0b516e304b5f2137627c,testo,"Lettura statica, riferimenti e seconda passata per contratti/percorso/legacy",Loop secondario limitato e SecondarioFinto con ritardi/estratti,A021
src/ai-engine/strumenti.ts,ai-engine,28662,722,f5d5330794276a56b79ea1d471a9693880df00000e4c8f15122eb5622367891d,testo,"Lettura statica, riferimenti e seconda passata per contratti/percorso/legacy","40 strumenti, JSON schema, permessi principali/secondari e prompt sistema",A004 A028 A043 A095
src/ai-engine/testi.ts,ai-engine,4224,95,50f121fdad18e408dace7866a262e59d78b3cf15078e499ced50dfee8a1738a6,testo,"Lettura statica, riferimenti e seconda passata per contratti/percorso/legacy","Trasformazioni deterministiche riassunto, composizione e aggiunte",A043
src/ai-engine/vista.ts,ai-engine,7238,160,bd5ee52b4e7097f084f0bd8dfd1d2c04c5cb1effc632ff63173eff99f626f9eb,testo,"Lettura statica, riferimenti e seconda passata per contratti/percorso/legacy","Fotografia testuale di stato, gruppi, notifiche e contesto per AI",
src/archivio/archivio.ts,archivio,14725,368,a70a4ef7f50b614a769ea8d31ca729bbff4c8c778200c52fa5f2f2eb48ffd6d5,testo,"Lettura statica, riferimenti e seconda passata per contratti/percorso/legacy","Lettura general.txt, entità/menzioni/ipotesi temporanee, smentite, no-op persistenza",A026 A027 A037 A071 A072
src/archivio/chat-raw.ts,archivio,595,19,e234aab85251c74b434a1ba428a538e808a6a0e62e5252eb44acc7b8ae5c897a,testo,"Lettura statica, riferimenti e seconda passata per contratti/percorso/legacy",Invio messaggi al writer JSONL,A034 A035 A036
src/aree/raccolta.ts,aree,3347,80,0df455183731dc2a8f428d485446a0af4f32be46931211d2ea7affb15e12eaa6,testo,"Lettura statica, riferimenti e seconda passata per contratti/percorso/legacy",Riconoscimento per sottostringa task/entità/contatti,A027 A057
src/aree/schermo.ts,aree,58192,1247,2b5f136b7fbaa0faceeecceaa3e4c67cb190b350c8ecfc0ca47072c5bb894e05,testo,"Lettura statica, riferimenti e seconda passata per contratti/percorso/legacy","Template HTML per sette aree, icone, interazioni e diagnostica",A006 A009 A010 A031 A038 A044 A048 A049 A050 A052 A053 A054 A055 A056 A057 A059 A074 A075 A080 A093 A095
src/aree/scrivania.ts,aree,16461,409,f5a18ab3d66f2b524736887c1a7466a6ea6670b4c7c9901da55ae7bb04a15d81,testo,"Lettura statica, riferimenti e seconda passata per contratti/percorso/legacy","Layout fisico molle/repulsioni, focus, collisioni e memoria posizioni",A051
src/aree/testo.ts,aree,714,13,a691947cc07f348446f5a4977c00aa3b8d44a18257901a7acc7fc72f6b3d179a,testo,"Lettura statica, riferimenti e seconda passata per contratti/percorso/legacy",Escape testo HTML e attributi nei punti che lo chiamano,
src/aree/timeline.ts,aree,11366,245,467370576101c75324f4bc1bc5d634bd93aa43f08b8eea79e4b297de4754ccdf,testo,"Lettura statica, riferimenti e seconda passata per contratti/percorso/legacy","Attuale/prossimo, tempo libero e segmenti giornalieri",A060 A061
src/confini/calendario.ts,confini,5841,145,2f45ae20fc50c19c27683c88ad1d5405552d28c41dd8cb1c8f3baff7e12700cb,testo,"Lettura statica, riferimenti e seconda passata per contratti/percorso/legacy",Fixture appuntamenti e aggiunte con timestamp corrente,A091
src/confini/contatti.ts,confini,3993,108,46dd4fe2d6ab34b39ade02393cdf9ae94c58e0b0e8d432c3d9c235aaa235f443,testo,"Lettura statica, riferimenti e seconda passata per contratti/percorso/legacy","Rubrica hardcoded, ricerca alias e aggiunte senza recapito",A023 A024 A091
src/confini/disco.ts,confini,5316,122,60be2998f3105c9dccfcaa1908fd81e3bb3ceb553bcc08a4739c7624942016a9,testo,"Lettura statica, riferimenti e seconda passata per contratti/percorso/legacy","Cache documenti memory per utente, letture e POST markdown",A025 A037 A072
src/confini/filtro.ts,confini,1816,56,440eba254194371011dc87557317f83ffca74f2eb908b9305f87142973db5abb,testo,"Lettura statica, riferimenti e seconda passata per contratti/percorso/legacy",Classificazione arrivi perTe/azionabile/orario/carte,A007 A073
src/confini/note.ts,confini,1105,28,864152b92914d976da3efe4e21ff474775faaf069751eaab929f1310c0b02aa0,testo,"Lettura statica, riferimenti e seconda passata per contratti/percorso/legacy",Append note in memoria e guasto simulato,A091
src/confini/posta.ts,confini,5908,172,835c3e4007e8aebed7fe5ace51ca994923ac6b044f4be32753eb6f90f74b1ec9,testo,"Lettura statica, riferimenti e seconda passata per contratti/percorso/legacy","Fixture posta, iniezione arrivi, guasto e consegne temporanee",A010 A023
src/confini/promemoria.ts,confini,4058,118,847d187b6b380e1f69aedd237c2729d6686008eb11298f8ec992946a0630f4b5,testo,"Lettura statica, riferimenti e seconda passata per contratti/percorso/legacy","Fixture, completamento per somiglianza testuale e guasto",A091
src/confini/servizio.ts,confini,3119,74,aefe3ae8caf1cf5394e61cfd8bbd7027c5df2b4a2eafbc4f8c4a85e2c681c236,testo,"Lettura statica, riferimenti e seconda passata per contratti/percorso/legacy","Contratti Proposta, Servizio, Sorgente, Registro ed errori di consegna",
src/conoscenza/canali.ts,conoscenza,5226,108,b44aa1e4f10b1f517412e341538fc2a26fa67f478292e2031b83b06b6e992a2a,testo,"Lettura statica, riferimenti e seconda passata per contratti/percorso/legacy",Stato tastiera/ascolto simulato e voce in uscita,A059
src/conoscenza/contesto.ts,conoscenza,1713,51,15abb5deba60d4a96e45e4f8ed48bc5ea306265b3b22c7f32276e03f4b2c5e16,testo,"Lettura statica, riferimenti e seconda passata per contratti/percorso/legacy",Identità/focus temporale/luogo e regole lavoro hardcoded,A031 A073
src/conoscenza/profilo.ts,conoscenza,16920,401,bd7476692c12a5a64e4d2983a225dec81f193d0262a8ea4ad73008faa27c9401,testo,"Lettura statica, riferimenti e seconda passata per contratti/percorso/legacy","Parser testo preferenze/sistema, file media, default, utente fisso",A028 A029 A030 A031 A047 A064 A072 A075
src/main.ts,main.ts,22792,499,adf99e33eac7d9b5cd941971b257bb1f2226e478c94f19f3eea43c0323934e39,testo,"Lettura statica, riferimenti e seconda passata per contratti/percorso/legacy","Bootstrap profilo/Disco, registro servizi, AI fallback, voce, UI, timer, tastiera e banco prove",A006 A014 A015 A016 A019 A021 A023 A025 A036 A038 A044 A045 A046 A056 A058 A059 A070
src/modello/motore.ts,modello,61990,1581,d43b2217d1a4fef5c7e770fe0bea0fcca4ba11cf4851bdf5f96e4f4b517f7b3c,testo,"Lettura statica, riferimenti e seconda passata per contratti/percorso/legacy","Lifecycle, invii/undo/lotti, rinvio, focus, conversazione, memoria, notifiche e delega",A001 A002 A003 A004 A005 A006 A007 A008 A009 A011 A012 A013 A014 A015 A016 A018 A021 A022 A026 A034 A043 A055 A058 A060 A063 A069 A073 A093
src/modello/tempo.ts,modello,3830,100,4b759118e037f6b11bca3a56861d10ad8ca67f5925b0bbff8692ee284ada0df7,testo,"Lettura statica, riferimenti e seconda passata per contratti/percorso/legacy","Orologio reale/simulato, timer e salti temporali",A043
src/modello/tipi.ts,modello,15154,331,2f1112cb192a685b0b34ec929da105d32bf77e9323216536ac02969c0f4d5e7a,testo,"Lettura statica, riferimenti e seconda passata per contratti/percorso/legacy","Task, stati/luoghi, matrice combinazioni, gruppi, notifiche, uscite e comandi",A002 A003 A010 A071
src/prova/alfabeto.ts,prova,16739,310,090ef39980e855e6dcdf30a33675de5c56d723fe406a5bf48a6f742556f471a0,testo,"Lettura statica, riferimenti e seconda passata per contratti/percorso/legacy",Catalogo comandi e runner verifiche linguistiche,A068 A070
src/prova/flussi.ts,prova,9450,230,6aa4c10e24d7c464c074a989aee04dc5381b709684f182ee02020406a43ed2d9,testo,"Lettura statica, riferimenti e seconda passata per contratti/percorso/legacy",Copioni e azioni dimostrative,A068 A043
src/prova/pedana.ts,prova,9635,243,94e52bd033256a8bc5829643c0e7d571d1206271298bc0267214291689585e78,testo,"Lettura statica, riferimenti e seconda passata per contratti/percorso/legacy","Stato banco, compositore arrivi, reset e varianti UI",A044 A056 A070 A043
src/prova/scenario.ts,prova,37545,800,ebc30f1041b7f5afe944c030c0eb6ba7a00c6213d25d65effd1278ba60ea6a36,testo,"Lettura statica, riferimenti e seconda passata per contratti/percorso/legacy","Suite Node con asserzioni, fixture e attese reali/simulate",A068
src/prova/scia.ts,prova,4179,101,ee9ad9a2539edb500def49c6fc2fd73cb86f87d8382bfabd56e5ca942a3f7847,testo,"Lettura statica, riferimenti e seconda passata per contratti/percorso/legacy",Storico transizioni di test e attribuzione causale,A069
src/prova/stato.ts,prova,13499,363,f962e67c3c2ded6ce81b0d0d8270fe095cd1c67df7b11290784fecf7ae218b9e,testo,"Lettura statica, riferimenti e seconda passata per contratti/percorso/legacy",Preparazione precondizioni e scenari di stato legacy,A068
src/prova/timeline-prova.ts,prova,3616,78,d7638408ddff60ef0c5222b56b82383838e201a6c5611f7164b0f3fe87e8a9bc,testo,"Lettura statica, riferimenti e seconda passata per contratti/percorso/legacy",Controlli segmenti timeline e libero,
src/stile/base.css,stile,52621,1126,ae5620af2d0266de7884c8d13df8e63ad0f74478aeec6888f6811ac49f0c13f2,testo,"Lettura statica, riferimenti e seconda passata per contratti/percorso/legacy","Tutti i componenti, animazioni, font, icone, responsive e banco",A038 A045 A046 A048 A050 A051 A052 A053 A093 A094
src/stile/tema.ts,stile,2730,76,9e982b68f69e6a652f0a10bc2dc054ea91b5ba240a3cbe66073a90571a59ef63,testo,"Lettura statica, riferimenti e seconda passata per contratti/percorso/legacy",Traduzione override preferenze→custom properties,A046 A047
src/voce/bocca.ts,voce,9442,255,5bda17f198e680bdaedd47cbdcc502d84536977582b5c1f3f20c121f3e80f6e7,testo,"Lettura statica, riferimenti e seconda passata per contratti/percorso/legacy","Browser TTS, Piper, segmentazione, audio/cancellazione e fallback",A062
src/voce/espeak-ng.d.ts,voce,346,10,ea6706388e4176ae032d013a66019ff045eadbe8b3a4e03249659c2cb8baafcd,testo,"Lettura statica, riferimenti e seconda passata per contratti/percorso/legacy",Tipi adapter eSpeak-NG,
src/voce/lettura.ts,voce,3372,93,1565376e3fa583967822e85b32f579d31a99d809d540006d7b2f835ef6323617,testo,"Lettura statica, riferimenti e seconda passata per contratti/percorso/legacy","Selezione bocca, caricamento modello e gate lettura",A062 A063 A065
src/voce/piper.ts,voce,7773,174,6927f94f30c493c9b60e66f227965d3cdb27019ed6487280d14c047012474c8d,testo,"Lettura statica, riferimenti e seconda passata per contratti/percorso/legacy","Download modelli, eSpeak, ONNX/WASM, fonemi e PCM/WAV",A062 A065
src/voce/suono.ts,voce,4267,112,8e2085057ba4580afb1c12361fd48731b1b7d5ec2868356e27a1fb70df947704,testo,"Lettura statica, riferimenti e seconda passata per contratti/percorso/legacy","Campanello, volume, throttling900ms e coordinamento audio",A064
src/voce/turno.ts,voce,4372,121,fe988ad042aada88abe6315874013170d1b070647ed7fbf432529ad354bd4d6e,testo,"Lettura statica, riferimenti e seconda passata per contratti/percorso/legacy","Accodamento voce, esclusione sovrapposizioni e sintesi degli arretrati",A063
strumenti/LEGGIMI.md,strumenti,2483,46,70ec7a929e5885525df0ffd442f0ca67852c2ceb360b88d98f4ae3a2b9a9a435,testo,"Lettura statica, riferimenti e seconda passata per contratti/percorso/legacy",Istruzioni banco e sua esplicita non autorità progettuale,A071 A078
strumenti/banco-ascolto.html,strumenti,16510,383,fc3c2d9a635835d09aaca59487a1eb07a3361d2aa151b4d46a03408c35dca9e0,testo,"Lettura statica, riferimenti e seconda passata per contratti/percorso/legacy","Confronto browser speechSynthesis, controllo voci e frasi",A066
strumenti/banco-voci.html,strumenti,10241,237,5e252706f2ec05a8923ec865e51d664d26113eaf27f4fbb2cc3359cdcd63a097,testo,"Lettura statica, riferimenti e seconda passata per contratti/percorso/legacy","Confronto4 modelli Piper, download e riproduzione WAV",A078
strumenti/prepara-voce.mjs,strumenti,1185,29,70e0045e037ce1ee05fab1e07b183447d8041a28d84ad5bdc892d1930a9d783d,testo,"Lettura statica, riferimenti e seconda passata per contratti/percorso/legacy",Copia5 asset WASM/MJS da pacchetti al public,A067
strumenti/taratura-materia.html,strumenti,40501,736,6c51009f8e7ca0b4471d720ad47ca72af0a31986f83504e68f9f4d93361e8a9d,testo,"Lettura statica, riferimenti e seconda passata per contratti/percorso/legacy","Taratura35 spazi/14 colori/vetro/icone, localStorage e clipboard",
strumenti/taratura-testo.html,strumenti,27343,577,cf79b20589b14c1a932b770a2f3e146ff273494793c7ad6a986e71bd6397abae,testo,"Lettura statica, riferimenti e seconda passata per contratti/percorso/legacy","Taratura valori testo/icone, localStorage e clipboard",
tasks/da_definire.md,tasks,0,0,e3b0c44298fc1c149afbf4c8996fb92427ae41e4649b934ca495991b7852b855,testo,"Lettura statica, riferimenti e seconda passata per contratti/percorso/legacy",Registro lavori/decisioni aperte; non sostituisce docs,
tasks/future.md,tasks,7934,109,ca8d2e2c5518fcd01760fb9d86aba744693579b6a1cfe25ff409f3fab0564a19,testo,"Lettura statica, riferimenti e seconda passata per contratti/percorso/legacy",Registro lavori/decisioni aperte; non sostituisce docs,
tasks/pronti_per_lo_sviluppo.md,tasks,0,0,e3b0c44298fc1c149afbf4c8996fb92427ae41e4649b934ca495991b7852b855,testo,"Lettura statica, riferimenti e seconda passata per contratti/percorso/legacy",Registro lavori/decisioni aperte; non sostituisce docs,
tasks/storico.md,tasks,0,0,e3b0c44298fc1c149afbf4c8996fb92427ae41e4649b934ca495991b7852b855,testo,"Lettura statica, riferimenti e seconda passata per contratti/percorso/legacy",Registro lavori/decisioni aperte; non sostituisce docs,
tsconfig.json,tsconfig.json,541,20,76f2a49af4afb09833813ea1d3c7b934a36349cea5a000e39d80157055dbec1f,testo,"Lettura statica, riferimenti e seconda passata per contratti/percorso/legacy","TS strict, DOM/ES2022, bundler, noEmit e unused checks",
vite.config.ts,vite.config.ts,40836,908,c46b5e7011187675942a6732b4f606fcbe48873dd980ee3e6a26f7e1dcfdd4c8,testo,"Lettura statica, riferimenti e seconda passata per contratti/percorso/legacy",Provider OpenRouter due dialetti; middleware archivio/chat; config dev/build e asset WASM,A017 A020 A025 A028 A032 A033 A035 A037 A039 A042 A043 A064 A076 A077
